{
  "title": "Legal Filing Flow",
  "subtitle": "Complete your legal filing process",
  "steps": [
    {
      "key": "filingType",
      "label": "Filing Type",
      "fields": [
        {
          "type": "template",
          "template": "<div class='question'>Is this filing starting a brand-new legal matter, or is it part of something that's already been filed?</div>"
        },
        {
          "key": "filingType",
          "type": "radio",
          "props": {
            "required": true,
            "options": [
              {
                "value": "new",
                "label": "New legal matter"
              },
              {
                "value": "existing",
                "label": "Part of something that has already been filed"
              }
            ]
          },
          "defaultValue": "new"
        }
      ]
    },
    {
      "label": "Petition Type",
      "fields": [
        {
          "type": "template",
          "template": "<div class='question'>Are you and/or someone else seeking to have a Guardian and/or Conservator appointed for an incapacitated person?</div>"
        },
        {
          "key": "isPetition",
          "type": "radio",
          "props": {
            "required": true,
            "options": [
              {
                "value": "yes",
                "label": "Yes"
              },
              {
                "value": "no",
                "label": "No"
              }
            ]
          }
        },
        {
          "type": "template",
          "template": "<div class='select-label'>Please select an option below:</div>",
          "expressions": {
            "hide": "!model.isPetition || model.isPetition !== 'yes'"
          }
        },
        {
          "key": "petitionType",
          "type": "select",
          "props": {
            "label": "Petition type",
            "required": true,
            "options": [
              {
                "value": "guardian",
                "label": "Guardian"
              },
              {
                "value": "conservator",
                "label": "Conservator"
              },
              {
                "value": "guardian_conservator",
                "label": "Guardian and Conservator"
              }
            ],
            "appearance": "outline"
          },
          "expressions": {
            "hide": "!model.isPetition || model.isPetition !== 'yes'"
          }
        }
      ]
    },
    {
      "label": "Court Venue",
      "fields": [
        {
          "type": "template",
          "template": "<div class='question'>Which Circuit Court would you like to file this Guardian and/or Conservator case? *</div>"
        },
        {
          "key": "courtName",
          "type": "input",
          "props": {
            "required": true,
            "appearance": "outline"
          }
        }
      ]
    },
    {
      "label": "Relationship",
      "fields": [
        {
          "key": "petitionRelationship",
          "type": "select",
          "props": {
            "label": "What is your relationship to the incapacitated person?",
            "required": true,
            "options": [
              {
                "value": "family_friend",
                "label": "Family/Friend"
              },
              {
                "value": "community_services",
                "label": "Community Services Board"
              },
              {
                "value": "government_agency",
                "label": "Government Agency"
              },
              {
                "value": "medical_facility",
                "label": "Medical Care Facility"
              },
              {
                "value": "professional",
                "label": "Professional"
              },
              {
                "value": "public_guardian",
                "label": "Public Guardian"
              },
              {
                "value": "other",
                "label": "Other"
              }
            ]
          }
        },
        {
          "key": "otherRelationship",
          "type": "input",
          "props": {
            "label": "Other Relationship",
            "required": true
          },
          "expressions": {
            "hide": "model.petitionRelationship !== 'other'"
          }
        }
      ]
    },
    {
      "label": "Petitioner Information",
      "fields": [
        {
          "fieldGroupClassName": "form-row",
          "fieldGroup": [
            {
              "className": "col-6",
              "key": "firstName",
              "type": "input",
              "props": {
                "label": "First Name"
              }
            },
            {
              "className": "col-6",
              "key": "middleName",
              "type": "input",
              "props": {
                "label": "Middle Name"
              }
            }
          ]
        },
        {
          "fieldGroupClassName": "form-row",
          "fieldGroup": [
            {
              "className": "col-6",
              "key": "lastName",
              "type": "input",
              "props": {
                "label": "Last Name",
                "required": true
              }
            },
            {
              "className": "col-6",
              "key": "suffix",
              "type": "input",
              "props": {
                "label": "Suffix"
              }
            }
          ]
        },
        {
          "key": "addressLine1",
          "type": "input",
          "props": {
            "label": "Address Line 1",
            "required": true
          }
        },
        {
          "key": "addressLine2",
          "type": "input",
          "props": {
            "label": "Address Line 2"
          }
        },
        {
          "fieldGroupClassName": "form-row",
          "fieldGroup": [
            {
              "className": "col-6",
              "key": "city",
              "type": "input",
              "props": {
                "label": "City",
                "required": true
              }
            },
            {
              "className": "col-6",
              "key": "state",
              "type": "input",
              "props": {
                "label": "State",
                "required": true
              }
            }
          ]
        },
        {
          "fieldGroupClassName": "form-row",
          "fieldGroup": [
            {
              "className": "col-6",
              "key": "zipCode",
              "type": "input",
              "props": {
                "label": "ZIP Code",
                "required": true
              }
            },
            {
              "className": "col-6",
              "key": "country",
              "type": "select",
              "props": {
                "label": "Country",
                "required": true,
                "options": [
                  {
                    "value": "US",
                    "label": "United States"
                  },
                  {
                    "value": "CA",
                    "label": "Canada"
                  },
                  {
                    "value": "UK",
                    "label": "United Kingdom"
                  },
                  {
                    "value": "AU",
                    "label": "Australia"
                  }
                ]
              }
            }
          ]
        }
      ]
    },
    {
      "label": "Mailing Address",
      "fields": [
        {
          "key": "sameAsMailing",
          "type": "radio",
          "props": {
            "label": "Is your mailing address the same as your physical address?",
            "required": true,
            "options": [
              {
                "value": "yes",
                "label": "Yes"
              },
              {
                "value": "no",
                "label": "No"
              }
            ]
          }
        },
        {
          "key": "mailingLine1",
          "type": "input",
          "props": {
            "label": "Mailing Address Line 1",
            "required": true
          },
          "expressions": {
            "hide": "model.sameAsMailing !== 'no'"
          }
        },
        {
          "key": "mailingLine2",
          "type": "input",
          "props": {
            "label": "Mailing Address Line 2"
          },
          "expressions": {
            "hide": "model.sameAsMailing !== 'no'"
          }
        },
        {
          "fieldGroupClassName": "form-row",
          "fieldGroup": [
            {
              "className": "col-6",
              "key": "mailingCity",
              "type": "input",
              "props": {
                "label": "City",
                "required": true
              }
            },
            {
              "className": "col-6",
              "key": "mailingState",
              "type": "input",
              "props": {
                "label": "State",
                "required": true
              }
            }
          ],
          "expressions": {
            "hide": "model.sameAsMailing !== 'no'"
          }
        },
        {
          "fieldGroupClassName": "form-row",
          "fieldGroup": [
            {
              "className": "col-6",
              "key": "mailingZip",
              "type": "input",
              "props": {
                "label": "ZIP Code",
                "required": true
              }
            },
            {
              "className": "col-6",
              "key": "mailingCountry",
              "type": "select",
              "props": {
                "label": "Country",
                "required": true,
                "options": [
                  {
                    "value": "US",
                    "label": "United States"
                  },
                  {
                    "value": "CA",
                    "label": "Canada"
                  },
                  {
                    "value": "UK",
                    "label": "United Kingdom"
                  },
                  {
                    "value": "AU",
                    "label": "Australia"
                  }
                ]
              }
            }
          ],
          "expressions": {
            "hide": "model.sameAsMailing !== 'no'"
          }
        }
      ]
    },
    {
      "label": "Contact Details",
      "fields": [
        {
          "fieldGroupClassName": "form-row",
          "fieldGroup": [
            {
              "className": "col-6",
              "key": "phone",
              "type": "input",
              "props": {
                "label": "Phone",
                "type": "tel",
                "required": true
              }
            },
            {
              "className": "col-6",
              "key": "phoneType",
              "type": "select",
              "props": {
                "label": "Telephone Type",
                "required": true,
                "options": [
                  {
                    "value": "cell",
                    "label": "Cell"
                  },
                  {
                    "value": "home",
                    "label": "Home"
                  },
                  {
                    "value": "work",
                    "label": "Work"
                  }
                ]
              }
            }
          ]
        },
        {
          "key": "email",
          "type": "input",
          "props": {
            "label": "Email",
            "type": "email",
            "required": true
          }
        }
      ]
    },
    {
      "label": "Respondent Information",
      "fields": [
        {
          "fieldGroupClassName": "form-row",
          "fieldGroup": [
            {
              "className": "col-6",
              "key": "respondentFirstName",
              "type": "input",
              "props": {
                "label": "First Name"
              }
            },
            {
              "className": "col-6",
              "key": "respondentMiddleName",
              "type": "input",
              "props": {
                "label": "Middle Name"
              }
            }
          ]
        },
        {
          "fieldGroupClassName": "form-row",
          "fieldGroup": [
            {
              "className": "col-6",
              "key": "respondentLastName",
              "type": "input",
              "props": {
                "label": "Last Name",
                "required": true
              }
            },
            {
              "className": "col-6",
              "key": "respondentSuffix",
              "type": "input",
              "props": {
                "label": "Suffix"
              }
            }
          ]
        },
        {
          "key": "respondentAddressLine1",
          "type": "input",
          "props": {
            "label": "Address Line 1",
            "required": true
          }
        },
        {
          "key": "respondentAddressLine2",
          "type": "input",
          "props": {
            "label": "Address Line 2"
          }
        },
        {
          "fieldGroupClassName": "form-row",
          "fieldGroup": [
            {
              "className": "col-6",
              "key": "respondentCity",
              "type": "input",
              "props": {
                "label": "City",
                "required": true
              }
            },
            {
              "className": "col-6",
              "key": "respondentState",
              "type": "input",
              "props": {
                "label": "State",
                "required": true
              }
            }
          ]
        },
        {
          "fieldGroupClassName": "form-row",
          "fieldGroup": [
            {
              "className": "col-6",
              "key": "respondentZip",
              "type": "input",
              "props": {
                "label": "ZIP Code",
                "required": true
              }
            },
            {
              "className": "col-6",
              "key": "respondentCountry",
              "type": "select",
              "props": {
                "label": "Country",
                "required": true,
                "options": [
                  {
                    "value": "US",
                    "label": "United States"
                  },
                  {
                    "value": "CA",
                    "label": "Canada"
                  },
                  {
                    "value": "UK",
                    "label": "United Kingdom"
                  },
                  {
                    "value": "AU",
                    "label": "Australia"
                  }
                ]
              }
            }
          ]
        },
        {
          "fieldGroupClassName": "form-row",
          "fieldGroup": [
            {
              "className": "col-6",
              "key": "respondentPhone",
              "type": "input",
              "props": {
                "label": "Phone",
                "type": "tel",
                "required": true
              }
            },
            {
              "className": "col-6",
              "key": "respondentPhoneType",
              "type": "select",
              "props": {
                "label": "Telephone Type",
                "required": true,
                "options": [
                  {
                    "value": "cell",
                    "label": "Cell"
                  },
                  {
                    "value": "home",
                    "label": "Home"
                  },
                  {
                    "value": "work",
                    "label": "Work"
                  }
                ]
              }
            }
          ]
        },
        {
          "key": "respondentEmail",
          "type": "input",
          "props": {
            "label": "Email",
            "type": "email",
            "required": true
          }
        }
      ]
    }
  ]
}