[
  {
    "key": "street",
    "type": "input",
    "props": {
      "label": "Street Address",
      "required": true
    }
  },
  {
    "fieldGroupClassName": "form-row",
    "fieldGroup": [
      {
        "className": "col-6",
        "key": "city",
        "type": "input",
        "props": {
          "label": "City",
          "required": true
        }
      },
      {
        "className": "col-6",
        "key": "state",
        "type": "input",
        "props": {
          "label": "State",
          "required": true
        }
      }
    ]
  },
  {
    "fieldGroupClassName": "form-row",
    "fieldGroup": [
      {
        "className": "col-6",
        "key": "zipCode",
        "type": "input",
        "props": {
          "label": "ZIP Code",
          "required": true
        }
      },
      {
        "className": "col-6",
        "key": "country",
        "type": "select",
        "props": {
          "label": "Country",
          "required": true,
          "options": [
            { "value": "US", "label": "United States" },
            { "value": "CA", "label": "Canada" },
            { "value": "UK", "label": "United Kingdom" },
            { "value": "AU", "label": "Australia" }
          ]
        }
      }
    ]
  }
]