{
  "title": "Employee Onboarding",
  "subtitle": "Complete your employee profile",
  "steps": [
    {
      "label": "Basic Info",
      "fields": [
        {
          "key": "employeeId",
          "type": "input",
          "props": {
            "label": "Employee ID",
            "required": true
          }
        },
        {
          "key": "department",
          "type": "select",
          "props": {
            "label": "Department",
            "required": true,
            "options": [
              { "value": "IT", "label": "Information Technology" },
              { "value": "HR", "label": "Human Resources" }
            ]
          }
        }
      ]
    },
    {
      "label": "Address",
      "fieldsRef": "address-fields"
    }
  ]
}