{
  "title": "User Registration",
  "subtitle": "Complete all steps to register",
  "steps": [
    {
      "label": "Personal Info",
      "fields": [
        {
          "fieldGroupClassName": "form-row",
          "fieldGroup": [
            {
              "className": "col-6",
              "key": "firstName",
              "type": "input",
              "props": {
                "label": "First Name",
                "required": true,
                "description": "Enter your legal first name"
              }
            },
            {
              "className": "col-6",
              "key": "lastName",
              "type": "input",
              "props": {
                "label": "Last Name",
                "required": true,
                "description": "Enter your legal last name"
              }
            }
          ]
        },
        {
          "fieldGroupClassName": "form-row",
          "fieldGroup": [
            {
              "className": "col-6",
              "key": "dateOfBirth",
              "type": "datepicker",
              "props": {
                "label": "Date of Birth",
                "required": true,
                "description": "Select your birth date"
              }
            },
            {
              "className": "col-6",
              "key": "email",
              "type": "input",
              "props": {
                "label": "Email",
                "type": "email",
                "required": true,
                "description": "We'll use this for account verification"
              }
            }
          ]
        }
      ]
    },
    {
      "label": "Address",
      "fieldsRef": "address-fields"
    }
  ]
}