{
  "title": "Product Feedback Survey",
  "subtitle": "Help us improve our product",
  "steps": [
    {
      "label": "Product Usage",
      "fields": [
        {
          "key": "productName",
          "type": "select",
          "props": {
            "label": "Which product are you reviewing?",
            "required": true,
            "options": [
              { "value": "webapp", "label": "Web Application" },
              { "value": "mobile", "label": "Mobile App" }
            ]
          }
        }
      ]
    },
    {
      "label": "Feedback",
      "fields": [
        {
          "key": "rating",
          "type": "radio",
          "props": {
            "label": "Overall Rating",
            "required": true,
            "options": [
              { "value": "5", "label": "5 - Excellent" },
              { "value": "4", "label": "4 - Good" },
              { "value": "3", "label": "3 - Average" },
              { "value": "2", "label": "2 - Poor" },
              { "value": "1", "label": "1 - Very Poor" }
            ]
          }
        },
        {
          "key": "recommend",
          "type": "radio",
          "props": {
            "label": "Would you recommend this product?",
            "required": true,
            "options": [
              { "value": "yes", "label": "Yes" },
              { "value": "no", "label": "No" },
              { "value": "maybe", "label": "Maybe" }
            ]
          }
        },
        {
          "key": "agreeTerms",
          "type": "checkbox",
          "defaultValue": false,
          "props": {
            "label": "I agree to the Terms and Conditions",
            "required": true,
            "description": "You must accept our terms to proceed"
          }
        }
      ]
    }
  ]
}