{
  "hash": "148548a9",
  "configHash": "bbe6eaa9",
  "lockfileHash": "b014de51",
  "browserHash": "f50f2498",
  "optimized": {
    "@angular/cdk/bidi": {
      "src": "../../../../../../node_modules/@angular/cdk/fesm2022/bidi.mjs",
      "file": "@angular_cdk_bidi.js",
      "fileHash": "9fa71f0f",
      "needsInterop": false
    },
    "@angular/common": {
      "src": "../../../../../../node_modules/@angular/common/fesm2022/common.mjs",
      "file": "@angular_common.js",
      "fileHash": "9259b0da",
      "needsInterop": false
    },
    "@angular/core": {
      "src": "../../../../../../node_modules/@angular/core/fesm2022/core.mjs",
      "file": "@angular_core.js",
      "fileHash": "aec87d94",
      "needsInterop": false
    },
    "@angular/forms": {
      "src": "../../../../../../node_modules/@angular/forms/fesm2022/forms.mjs",
      "file": "@angular_forms.js",
      "fileHash": "c7c91891",
      "needsInterop": false
    },
    "@angular/material/button": {
      "src": "../../../../../../node_modules/@angular/material/fesm2022/button.mjs",
      "file": "@angular_material_button.js",
      "fileHash": "8f063d38",
      "needsInterop": false
    },
    "@angular/material/card": {
      "src": "../../../../../../node_modules/@angular/material/fesm2022/card.mjs",
      "file": "@angular_material_card.js",
      "fileHash": "063e7aab",
      "needsInterop": false
    },
    "@angular/material/chips": {
      "src": "../../../../../../node_modules/@angular/material/fesm2022/chips.mjs",
      "file": "@angular_material_chips.js",
      "fileHash": "6bc79957",
      "needsInterop": false
    },
    "@angular/material/icon": {
      "src": "../../../../../../node_modules/@angular/material/fesm2022/icon.mjs",
      "file": "@angular_material_icon.js",
      "fileHash": "54103406",
      "needsInterop": false
    },
    "@angular/material/progress-bar": {
      "src": "../../../../../../node_modules/@angular/material/fesm2022/progress-bar.mjs",
      "file": "@angular_material_progress-bar.js",
      "fileHash": "0082cc9b",
      "needsInterop": false
    },
    "@angular/material/stepper": {
      "src": "../../../../../../node_modules/@angular/material/fesm2022/stepper.mjs",
      "file": "@angular_material_stepper.js",
      "fileHash": "be3055b3",
      "needsInterop": false
    },
    "@angular/material/tabs": {
      "src": "../../../../../../node_modules/@angular/material/fesm2022/tabs.mjs",
      "file": "@angular_material_tabs.js",
      "fileHash": "23eeea3c",
      "needsInterop": false
    },
    "@angular/material/toolbar": {
      "src": "../../../../../../node_modules/@angular/material/fesm2022/toolbar.mjs",
      "file": "@angular_material_toolbar.js",
      "fileHash": "b5c0cd49",
      "needsInterop": false
    },
    "@angular/platform-browser": {
      "src": "../../../../../../node_modules/@angular/platform-browser/fesm2022/platform-browser.mjs",
      "file": "@angular_platform-browser.js",
      "fileHash": "440b587e",
      "needsInterop": false
    },
    "@angular/platform-browser/animations/async": {
      "src": "../../../../../../node_modules/@angular/platform-browser/fesm2022/animations/async.mjs",
      "file": "@angular_platform-browser_animations_async.js",
      "fileHash": "7dd36e66",
      "needsInterop": false
    },
    "@angular/router": {
      "src": "../../../../../../node_modules/@angular/router/fesm2022/router.mjs",
      "file": "@angular_router.js",
      "fileHash": "7bc33464",
      "needsInterop": false
    },
    "@ngx-formly/core": {
      "src": "../../../../../../node_modules/@ngx-formly/core/fesm2022/ngx-formly-core.mjs",
      "file": "@ngx-formly_core.js",
      "fileHash": "d9eea205",
      "needsInterop": false
    },
    "@ngx-formly/material": {
      "src": "../../../../../../node_modules/@ngx-formly/material/fesm2022/ngx-formly-material.mjs",
      "file": "@ngx-formly_material.js",
      "fileHash": "92e2edd0",
      "needsInterop": false
    },
    "zone.js": {
      "src": "../../../../../../node_modules/zone.js/fesm2015/zone.js",
      "file": "zone__js.js",
      "fileHash": "232be5f0",
      "needsInterop": true
    }
  },
  "chunks": {
    "platform-browser-ZVZDBAZE": {
      "file": "platform-browser-ZVZDBAZE.js"
    },
    "chunk-OZ6HE6UG": {
      "file": "chunk-OZ6HE6UG.js"
    },
    "chunk-W2FH6U65": {
      "file": "chunk-W2FH6U65.js"
    },
    "chunk-JIRXFNXK": {
      "file": "chunk-JIRXFNXK.js"
    },
    "chunk-XD5EZGVM": {
      "file": "chunk-XD5EZGVM.js"
    },
    "chunk-B6TQWJRZ": {
      "file": "chunk-B6TQWJRZ.js"
    },
    "chunk-QJAXCOYU": {
      "file": "chunk-QJAXCOYU.js"
    },
    "chunk-33F2E4AA": {
      "file": "chunk-33F2E4AA.js"
    },
    "chunk-MIVL3L7X": {
      "file": "chunk-MIVL3L7X.js"
    },
    "chunk-LBKX77MG": {
      "file": "chunk-LBKX77MG.js"
    },
    "chunk-7ZV3BWGO": {
      "file": "chunk-7ZV3BWGO.js"
    },
    "chunk-E6TFYM7N": {
      "file": "chunk-E6TFYM7N.js"
    },
    "chunk-F6Q7HL4J": {
      "file": "chunk-F6Q7HL4J.js"
    },
    "chunk-YOC3PB6U": {
      "file": "chunk-YOC3PB6U.js"
    },
    "chunk-KBQJSABF": {
      "file": "chunk-KBQJSABF.js"
    },
    "chunk-PZBMTWPD": {
      "file": "chunk-PZBMTWPD.js"
    },
    "chunk-NAZRQ647": {
      "file": "chunk-NAZRQ647.js"
    },
    "chunk-K426XDKI": {
      "file": "chunk-K426XDKI.js"
    },
    "chunk-XR4OOF4B": {
      "file": "chunk-XR4OOF4B.js"
    },
    "chunk-TXNPP3GN": {
      "file": "chunk-TXNPP3GN.js"
    },
    "chunk-R2QGWZ7S": {
      "file": "chunk-R2QGWZ7S.js"
    }
  }
}