{
  "hash": "3a1a3062",
  "configHash": "cdc87105",
  "lockfileHash": "fa476699",
  "browserHash": "2356366b",
  "optimized": {
    "@angular/cdk/bidi": {
      "src": "../../../../../../node_modules/@angular/cdk/fesm2022/bidi.mjs",
      "file": "@angular_cdk_bidi.js",
      "fileHash": "cd7af0fc",
      "needsInterop": false
    },
    "@angular/cdk/scrolling": {
      "src": "../../../../../../node_modules/@angular/cdk/fesm2022/scrolling.mjs",
      "file": "@angular_cdk_scrolling.js",
      "fileHash": "ec401592",
      "needsInterop": false
    },
    "@angular/cdk/text-field": {
      "src": "../../../../../../node_modules/@angular/cdk/fesm2022/text-field.mjs",
      "file": "@angular_cdk_text-field.js",
      "fileHash": "6ab6798a",
      "needsInterop": false
    },
    "@angular/common": {
      "src": "../../../../../../node_modules/@angular/common/fesm2022/common.mjs",
      "file": "@angular_common.js",
      "fileHash": "0f9687f9",
      "needsInterop": false
    },
    "@angular/core": {
      "src": "../../../../../../node_modules/@angular/core/fesm2022/core.mjs",
      "file": "@angular_core.js",
      "fileHash": "7c203844",
      "needsInterop": false
    },
    "@angular/forms": {
      "src": "../../../../../../node_modules/@angular/forms/fesm2022/forms.mjs",
      "file": "@angular_forms.js",
      "fileHash": "4d5d57d6",
      "needsInterop": false
    },
    "@angular/material/button": {
      "src": "../../../../../../node_modules/@angular/material/fesm2022/button.mjs",
      "file": "@angular_material_button.js",
      "fileHash": "14d2de09",
      "needsInterop": false
    },
    "@angular/material/card": {
      "src": "../../../../../../node_modules/@angular/material/fesm2022/card.mjs",
      "file": "@angular_material_card.js",
      "fileHash": "8b52b549",
      "needsInterop": false
    },
    "@angular/material/core": {
      "src": "../../../../../../node_modules/@angular/material/fesm2022/core.mjs",
      "file": "@angular_material_core.js",
      "fileHash": "3bf6b268",
      "needsInterop": false
    },
    "@angular/material/datepicker": {
      "src": "../../../../../../node_modules/@angular/material/fesm2022/datepicker.mjs",
      "file": "@angular_material_datepicker.js",
      "fileHash": "d350eefa",
      "needsInterop": false
    },
    "@angular/material/form-field": {
      "src": "../../../../../../node_modules/@angular/material/fesm2022/form-field.mjs",
      "file": "@angular_material_form-field.js",
      "fileHash": "00eddbf6",
      "needsInterop": false
    },
    "@angular/material/icon": {
      "src": "../../../../../../node_modules/@angular/material/fesm2022/icon.mjs",
      "file": "@angular_material_icon.js",
      "fileHash": "e6014fe1",
      "needsInterop": false
    },
    "@angular/material/input": {
      "src": "../../../../../../node_modules/@angular/material/fesm2022/input.mjs",
      "file": "@angular_material_input.js",
      "fileHash": "df41a48a",
      "needsInterop": false
    },
    "@angular/material/stepper": {
      "src": "../../../../../../node_modules/@angular/material/fesm2022/stepper.mjs",
      "file": "@angular_material_stepper.js",
      "fileHash": "c6e2598c",
      "needsInterop": false
    },
    "@angular/material/tabs": {
      "src": "../../../../../../node_modules/@angular/material/fesm2022/tabs.mjs",
      "file": "@angular_material_tabs.js",
      "fileHash": "66c652ca",
      "needsInterop": false
    },
    "@angular/material/toolbar": {
      "src": "../../../../../../node_modules/@angular/material/fesm2022/toolbar.mjs",
      "file": "@angular_material_toolbar.js",
      "fileHash": "cc0ce03b",
      "needsInterop": false
    },
    "@angular/platform-browser": {
      "src": "../../../../../../node_modules/@angular/platform-browser/fesm2022/platform-browser.mjs",
      "file": "@angular_platform-browser.js",
      "fileHash": "c55acf6d",
      "needsInterop": false
    },
    "@angular/platform-browser/animations/async": {
      "src": "../../../../../../node_modules/@angular/platform-browser/fesm2022/animations/async.mjs",
      "file": "@angular_platform-browser_animations_async.js",
      "fileHash": "9f735e05",
      "needsInterop": false
    },
    "@angular/router": {
      "src": "../../../../../../node_modules/@angular/router/fesm2022/router.mjs",
      "file": "@angular_router.js",
      "fileHash": "07988b01",
      "needsInterop": false
    },
    "@ngx-formly/core": {
      "src": "../../../../../../node_modules/@ngx-formly/core/fesm2022/ngx-formly-core.mjs",
      "file": "@ngx-formly_core.js",
      "fileHash": "a3fb69de",
      "needsInterop": false
    },
    "@ngx-formly/material": {
      "src": "../../../../../../node_modules/@ngx-formly/material/fesm2022/ngx-formly-material.mjs",
      "file": "@ngx-formly_material.js",
      "fileHash": "ab9aabe1",
      "needsInterop": false
    },
    "zone.js": {
      "src": "../../../../../../node_modules/zone.js/fesm2015/zone.js",
      "file": "zone__js.js",
      "fileHash": "a1fe83b5",
      "needsInterop": true
    },
    "@angular/material/progress-bar": {
      "src": "../../../../../../node_modules/@angular/material/fesm2022/progress-bar.mjs",
      "file": "@angular_material_progress-bar.js",
      "fileHash": "d9eeff62",
      "needsInterop": false
    }
  },
  "chunks": {
    "chunk-D4CAELBE": {
      "file": "chunk-D4CAELBE.js"
    },
    "platform-browser-ZVZDBAZE": {
      "file": "platform-browser-ZVZDBAZE.js"
    },
    "chunk-I3DSRTVY": {
      "file": "chunk-I3DSRTVY.js"
    },
    "chunk-23D4DUJZ": {
      "file": "chunk-23D4DUJZ.js"
    },
    "chunk-NV5EJOFJ": {
      "file": "chunk-NV5EJOFJ.js"
    },
    "chunk-2BVWMXTH": {
      "file": "chunk-2BVWMXTH.js"
    },
    "chunk-JR5C7MK7": {
      "file": "chunk-JR5C7MK7.js"
    },
    "chunk-P4J4BRML": {
      "file": "chunk-P4J4BRML.js"
    },
    "chunk-FTJHLKHI": {
      "file": "chunk-FTJHLKHI.js"
    },
    "chunk-ZBVGOAQG": {
      "file": "chunk-ZBVGOAQG.js"
    },
    "chunk-GPY46RBO": {
      "file": "chunk-GPY46RBO.js"
    },
    "chunk-JU6WVVL6": {
      "file": "chunk-JU6WVVL6.js"
    },
    "chunk-APO4PL6F": {
      "file": "chunk-APO4PL6F.js"
    },
    "chunk-BRZ5EIOJ": {
      "file": "chunk-BRZ5EIOJ.js"
    },
    "chunk-ENX5DXZF": {
      "file": "chunk-ENX5DXZF.js"
    },
    "chunk-F4A5FV2R": {
      "file": "chunk-F4A5FV2R.js"
    },
    "chunk-W34QG7IS": {
      "file": "chunk-W34QG7IS.js"
    },
    "chunk-FH747WTX": {
      "file": "chunk-FH747WTX.js"
    },
    "chunk-NLJJEW45": {
      "file": "chunk-NLJJEW45.js"
    },
    "chunk-JKRSZR5T": {
      "file": "chunk-JKRSZR5T.js"
    },
    "chunk-OY76RGOO": {
      "file": "chunk-OY76RGOO.js"
    },
    "chunk-S3L32MHF": {
      "file": "chunk-S3L32MHF.js"
    },
    "chunk-O4ZUAF4A": {
      "file": "chunk-O4ZUAF4A.js"
    },
    "chunk-OCOIQB7E": {
      "file": "chunk-OCOIQB7E.js"
    },
    "chunk-DQ7OVFPD": {
      "file": "chunk-DQ7OVFPD.js"
    },
    "chunk-HBUVWOLH": {
      "file": "chunk-HBUVWOLH.js"
    },
    "chunk-EOFW2REK": {
      "file": "chunk-EOFW2REK.js"
    },
    "chunk-BYBIAFOH": {
      "file": "chunk-BYBIAFOH.js"
    },
    "chunk-2SL7JEXV": {
      "file": "chunk-2SL7JEXV.js"
    },
    "chunk-FLC5GOMY": {
      "file": "chunk-FLC5GOMY.js"
    },
    "chunk-UIWETAEJ": {
      "file": "chunk-UIWETAEJ.js"
    },
    "chunk-7FHGXOD6": {
      "file": "chunk-7FHGXOD6.js"
    },
    "chunk-JYZKPBDK": {
      "file": "chunk-JYZKPBDK.js"
    },
    "chunk-CNF4NAGG": {
      "file": "chunk-CNF4NAGG.js"
    },
    "chunk-R2QGWZ7S": {
      "file": "chunk-R2QGWZ7S.js"
    }
  }
}