{
  "hash": "3899361c",
  "configHash": "098945d9",
  "lockfileHash": "c00bc28d",
  "browserHash": "e2d09932",
  "optimized": {
    "@angular/cdk/bidi": {
      "src": "../../../../../../node_modules/@angular/cdk/fesm2022/bidi.mjs",
      "file": "@angular_cdk_bidi.js",
      "fileHash": "f1d40620",
      "needsInterop": false
    },
    "@angular/cdk/scrolling": {
      "src": "../../../../../../node_modules/@angular/cdk/fesm2022/scrolling.mjs",
      "file": "@angular_cdk_scrolling.js",
      "fileHash": "a872fbec",
      "needsInterop": false
    },
    "@angular/cdk/text-field": {
      "src": "../../../../../../node_modules/@angular/cdk/fesm2022/text-field.mjs",
      "file": "@angular_cdk_text-field.js",
      "fileHash": "ae11e5f4",
      "needsInterop": false
    },
    "@angular/common": {
      "src": "../../../../../../node_modules/@angular/common/fesm2022/common.mjs",
      "file": "@angular_common.js",
      "fileHash": "70d0a575",
      "needsInterop": false
    },
    "@angular/core": {
      "src": "../../../../../../node_modules/@angular/core/fesm2022/core.mjs",
      "file": "@angular_core.js",
      "fileHash": "3a73e1a5",
      "needsInterop": false
    },
    "@angular/forms": {
      "src": "../../../../../../node_modules/@angular/forms/fesm2022/forms.mjs",
      "file": "@angular_forms.js",
      "fileHash": "8b443e66",
      "needsInterop": false
    },
    "@angular/material/button": {
      "src": "../../../../../../node_modules/@angular/material/fesm2022/button.mjs",
      "file": "@angular_material_button.js",
      "fileHash": "6b702ec3",
      "needsInterop": false
    },
    "@angular/material/card": {
      "src": "../../../../../../node_modules/@angular/material/fesm2022/card.mjs",
      "file": "@angular_material_card.js",
      "fileHash": "ccdd063c",
      "needsInterop": false
    },
    "@angular/material/core": {
      "src": "../../../../../../node_modules/@angular/material/fesm2022/core.mjs",
      "file": "@angular_material_core.js",
      "fileHash": "e341d749",
      "needsInterop": false
    },
    "@angular/material/datepicker": {
      "src": "../../../../../../node_modules/@angular/material/fesm2022/datepicker.mjs",
      "file": "@angular_material_datepicker.js",
      "fileHash": "4d33a09c",
      "needsInterop": false
    },
    "@angular/material/form-field": {
      "src": "../../../../../../node_modules/@angular/material/fesm2022/form-field.mjs",
      "file": "@angular_material_form-field.js",
      "fileHash": "9a70342e",
      "needsInterop": false
    },
    "@angular/material/icon": {
      "src": "../../../../../../node_modules/@angular/material/fesm2022/icon.mjs",
      "file": "@angular_material_icon.js",
      "fileHash": "1a3d49e6",
      "needsInterop": false
    },
    "@angular/material/input": {
      "src": "../../../../../../node_modules/@angular/material/fesm2022/input.mjs",
      "file": "@angular_material_input.js",
      "fileHash": "f7b6c0b7",
      "needsInterop": false
    },
    "@angular/material/stepper": {
      "src": "../../../../../../node_modules/@angular/material/fesm2022/stepper.mjs",
      "file": "@angular_material_stepper.js",
      "fileHash": "ec5ca68d",
      "needsInterop": false
    },
    "@angular/material/tabs": {
      "src": "../../../../../../node_modules/@angular/material/fesm2022/tabs.mjs",
      "file": "@angular_material_tabs.js",
      "fileHash": "3b9444c4",
      "needsInterop": false
    },
    "@angular/material/toolbar": {
      "src": "../../../../../../node_modules/@angular/material/fesm2022/toolbar.mjs",
      "file": "@angular_material_toolbar.js",
      "fileHash": "01776683",
      "needsInterop": false
    },
    "@angular/platform-browser": {
      "src": "../../../../../../node_modules/@angular/platform-browser/fesm2022/platform-browser.mjs",
      "file": "@angular_platform-browser.js",
      "fileHash": "9698fa89",
      "needsInterop": false
    },
    "@angular/platform-browser/animations/async": {
      "src": "../../../../../../node_modules/@angular/platform-browser/fesm2022/animations/async.mjs",
      "file": "@angular_platform-browser_animations_async.js",
      "fileHash": "6f6bbfda",
      "needsInterop": false
    },
    "@angular/router": {
      "src": "../../../../../../node_modules/@angular/router/fesm2022/router.mjs",
      "file": "@angular_router.js",
      "fileHash": "098e66f9",
      "needsInterop": false
    },
    "@ngx-formly/core": {
      "src": "../../../../../../node_modules/@ngx-formly/core/fesm2022/ngx-formly-core.mjs",
      "file": "@ngx-formly_core.js",
      "fileHash": "46f0e0b2",
      "needsInterop": false
    },
    "@ngx-formly/material": {
      "src": "../../../../../../node_modules/@ngx-formly/material/fesm2022/ngx-formly-material.mjs",
      "file": "@ngx-formly_material.js",
      "fileHash": "de835853",
      "needsInterop": false
    },
    "zone.js": {
      "src": "../../../../../../node_modules/zone.js/fesm2015/zone.js",
      "file": "zone__js.js",
      "fileHash": "35a09c38",
      "needsInterop": true
    }
  },
  "chunks": {
    "chunk-PCPB2JPA": {
      "file": "chunk-PCPB2JPA.js"
    },
    "platform-browser-ZVZDBAZE": {
      "file": "platform-browser-ZVZDBAZE.js"
    },
    "chunk-I3DSRTVY": {
      "file": "chunk-I3DSRTVY.js"
    },
    "chunk-CQGGZR75": {
      "file": "chunk-CQGGZR75.js"
    },
    "chunk-RFGR7JTH": {
      "file": "chunk-RFGR7JTH.js"
    },
    "chunk-QENVTLW7": {
      "file": "chunk-QENVTLW7.js"
    },
    "chunk-JR5C7MK7": {
      "file": "chunk-JR5C7MK7.js"
    },
    "chunk-ZFN77XUH": {
      "file": "chunk-ZFN77XUH.js"
    },
    "chunk-NLGSZ54R": {
      "file": "chunk-NLGSZ54R.js"
    },
    "chunk-BRZ5EIOJ": {
      "file": "chunk-BRZ5EIOJ.js"
    },
    "chunk-ENX5DXZF": {
      "file": "chunk-ENX5DXZF.js"
    },
    "chunk-FTJHLKHI": {
      "file": "chunk-FTJHLKHI.js"
    },
    "chunk-GPY46RBO": {
      "file": "chunk-GPY46RBO.js"
    },
    "chunk-BPFCHNEB": {
      "file": "chunk-BPFCHNEB.js"
    },
    "chunk-VEIZQL3P": {
      "file": "chunk-VEIZQL3P.js"
    },
    "chunk-JU6WVVL6": {
      "file": "chunk-JU6WVVL6.js"
    },
    "chunk-M7KYPWPL": {
      "file": "chunk-M7KYPWPL.js"
    },
    "chunk-GKQHDVKV": {
      "file": "chunk-GKQHDVKV.js"
    },
    "chunk-NLJJEW45": {
      "file": "chunk-NLJJEW45.js"
    },
    "chunk-JKRSZR5T": {
      "file": "chunk-JKRSZR5T.js"
    },
    "chunk-OY76RGOO": {
      "file": "chunk-OY76RGOO.js"
    },
    "chunk-XF6RQVCE": {
      "file": "chunk-XF6RQVCE.js"
    },
    "chunk-JQND4H7T": {
      "file": "chunk-JQND4H7T.js"
    },
    "chunk-MP2HXK26": {
      "file": "chunk-MP2HXK26.js"
    },
    "chunk-5NJVVZ3V": {
      "file": "chunk-5NJVVZ3V.js"
    },
    "chunk-HBUVWOLH": {
      "file": "chunk-HBUVWOLH.js"
    },
    "chunk-R7S4VBDJ": {
      "file": "chunk-R7S4VBDJ.js"
    },
    "chunk-EOFW2REK": {
      "file": "chunk-EOFW2REK.js"
    },
    "chunk-FLC5GOMY": {
      "file": "chunk-FLC5GOMY.js"
    },
    "chunk-UIWETAEJ": {
      "file": "chunk-UIWETAEJ.js"
    },
    "chunk-P2NQ2BEM": {
      "file": "chunk-P2NQ2BEM.js"
    },
    "chunk-JYZKPBDK": {
      "file": "chunk-JYZKPBDK.js"
    },
    "chunk-CNF4NAGG": {
      "file": "chunk-CNF4NAGG.js"
    },
    "chunk-R2QGWZ7S": {
      "file": "chunk-R2QGWZ7S.js"
    }
  }
}